id,app_path
0,/apps/kardia/modules/base/Help.app
1,/apps/kardia/modules/base/af_maint.app
2,/apps/kardia/modules/base/country_maint.app
3,/apps/kardia/modules/base/data_qa.app
4,/apps/kardia/modules/base/dup_check.app
5,/apps/kardia/modules/base/edit_table.app
6,/apps/kardia/modules/base/email_reports.app
7,/apps/kardia/modules/base/email_reports_new.app
8,/apps/kardia/modules/base/labels.app
9,/apps/kardia/modules/base/mailing_report_test.app
10,/apps/kardia/modules/base/map.app
11,/apps/kardia/modules/base/mlist_maint.app
12,/apps/kardia/modules/base/mlists.app
13,/apps/kardia/modules/base/new_partner.app
14,/apps/kardia/modules/base/new_subs.app
15,/apps/kardia/modules/base/partner_search.app
16,/apps/kardia/modules/base/partner_window.app
17,/apps/kardia/modules/base/prefs.app
18,/apps/kardia/modules/base/requests.app
19,/apps/kardia/modules/base/staffmaint.app
20,/apps/kardia/modules/base/subscription.app
21,/apps/kardia/modules/crm/index.app
22,/apps/kardia/modules/crm/profile.app
23,/apps/kardia/modules/disb/cashdisb.app
24,/apps/kardia/modules/disb/cd_batches.app
25,/apps/kardia/modules/disb/disbursements.app
26,/apps/kardia/modules/disb/disbursements_detail.app
27,/apps/kardia/modules/disb/disbursements_matrix.app
28,/apps/kardia/modules/disb/disbursements_payees.app
29,/apps/kardia/modules/disb/disbursements_summary.app
30,/apps/kardia/modules/gl/acctmaint.app
31,/apps/kardia/modules/gl/balance_sheet.app
32,/apps/kardia/modules/gl/batches.app
33,/apps/kardia/modules/gl/coamaint.app
34,/apps/kardia/modules/gl/coarpt.app
35,/apps/kardia/modules/gl/fund_balance.app
36,/apps/kardia/modules/gl/fundmaint.app
37,/apps/kardia/modules/gl/fundmgr_report.app
38,/apps/kardia/modules/gl/inc_exp_balance.app
39,/apps/kardia/modules/gl/inc_exp_fund_matrix.app
40,/apps/kardia/modules/gl/inc_exp_matrix.app
41,/apps/kardia/modules/gl/journal_entry.app
42,/apps/kardia/modules/gl/liabilities.app
43,/apps/kardia/modules/gl/net_assets_change.app
44,/apps/kardia/modules/gl/new_post_batch.app
45,/apps/kardia/modules/gl/period_comparison.app
46,/apps/kardia/modules/gl/periodmaint.app
47,/apps/kardia/modules/gl/transaction_report.app
48,/apps/kardia/modules/gl/transaction_research.app
49,/apps/kardia/modules/gl/trial_balance.app
50,/apps/kardia/modules/gl/trial_balance_ctl.app
51,/apps/kardia/modules/lightsys/conv_disb.app
52,/apps/kardia/modules/lightsys/conv_pay.app
53,/apps/kardia/modules/lightsys/fund_settlement.app
54,/apps/kardia/modules/mportal/manage.app
55,/apps/kardia/modules/payroll/financial_statement.app
56,/apps/kardia/modules/payroll/item_types.app
57,/apps/kardia/modules/payroll/pay_detail.app
58,/apps/kardia/modules/payroll/pay_detail_by_payee.app
59,/apps/kardia/modules/payroll/pay_form.app
60,/apps/kardia/modules/payroll/payees.app
61,/apps/kardia/modules/payroll/payroll_reg.app
62,/apps/kardia/modules/payroll/payroll_register.app
63,/apps/kardia/modules/payroll/paystubs.app
64,/apps/kardia/modules/payroll/runpayroll.app
65,/apps/kardia/modules/payroll/tax_table.app
66,/apps/kardia/modules/rcpt/admin_fee_summary.app
67,/apps/kardia/modules/rcpt/admin_fees.app
68,/apps/kardia/modules/rcpt/admin_types.app
69,/apps/kardia/modules/rcpt/annual_statement.app
70,/apps/kardia/modules/rcpt/cc_admin_fee.app
71,/apps/kardia/modules/rcpt/cr_batches.app
72,/apps/kardia/modules/rcpt/de_batches.app
73,/apps/kardia/modules/rcpt/deposit_summary.app
74,/apps/kardia/modules/rcpt/donation_detail.app
75,/apps/kardia/modules/rcpt/donation_summary.app
76,/apps/kardia/modules/rcpt/donor_report_test.app
77,/apps/kardia/modules/rcpt/fund_gift_list.app
78,/apps/kardia/modules/rcpt/gift_entry.app
79,/apps/kardia/modules/rcpt/gift_entry_new.app
80,/apps/kardia/modules/rcpt/gift_history.app
81,/apps/kardia/modules/rcpt/gift_import.app
82,/apps/kardia/modules/rcpt/gift_import_report.app
83,/apps/kardia/modules/rcpt/gift_matrix.app
84,/apps/kardia/modules/rcpt/gift_types.app
85,/apps/kardia/modules/rcpt/manual_trx_fee.app
86,/apps/kardia/modules/rcpt/monthly_gift_list.app
87,/apps/kardia/modules/rcpt/pledges.app
88,/apps/kardia/modules/rcpt/receipt_types.app
89,/apps/kardia/modules/system/TableMaintenance.app
90,/apps/kardia/modules/system/config.app
91,/apps/kardia/modules/system/motd_edit.app
92,/apps/kardia/modules/system/scanner_types.app
93,/apps/kardia/modules/system/security_permissions.app
94,/apps/kardia/modules/system/security_policy.app
95,/apps/kardia/modules/task/dashboard.app
96,/lightsys/Address2.app
97,/lightsys/Checks.app
98,/lightsys/Liabilities.app
99,/lightsys/Payroll.app
100,/lightsys/Receipting.app
101,/lightsys/TableMaintenance.app
